source,currency_pair,rate,rate_type,iso_datetime,date,timestamp
ardshinbank,USD/RUB,83.76623376623377,value,2025-08-01T05:35:23.080000+03:00,2025-08-01,1754015723
ardshinbank,CNY/RUB,11.774891774891774,value,2025-08-01T05:35:23.080000+03:00,2025-08-01,1754015723
tinkoff,USD/RUB,85.7,value,2025-08-01T05:35:23.986000+03:00,2025-08-01,1754015723
tinkoff,CNY/RUB,11.875,value,2025-08-01T05:35:23.986000+03:00,2025-08-01,1754015723
cbr,USD/RUB,80.3163,value,2025-08-01T11:30:00+03:00,2025-08-01,1754037000
cbr,CNY/RUB,11.0928,value,2025-08-01T11:30:00+03:00,2025-08-01,1754037000
forex,USD/RUB,80.39,value,2025-08-01T03:00:02+03:00,2025-08-01,1754006402
forex,CNY/RUB,11.16,value,2025-08-01T03:00:02+03:00,2025-08-01,1754006402
rbc_cash,USD/RUB,82.0,min,2025-08-01T05:35:27+03:00,2025-08-01,1754015727
rbc_cash,USD/RUB,82.0,p05,2025-08-01T05:35:27+03:00,2025-08-01,1754015727
rbc_cash,USD/RUB,84.0,median,2025-08-01T05:35:27+03:00,2025-08-01,1754015727
rbc_cash,CNY/RUB,12.15,min,2025-08-01T05:35:27+03:00,2025-08-01,1754015727
rbc_cash,CNY/RUB,12.15,p05,2025-08-01T05:35:27+03:00,2025-08-01,1754015727
rbc_cash,CNY/RUB,12.15,median,2025-08-01T05:35:27+03:00,2025-08-01,1754015727
bestchange,USDT_TRC20/RUB,82.1923,min,2025-08-01T05:35:28+03:00,2025-08-01,1754015728
bestchange,USDT_TRC20/RUB,82.20909151,p05,2025-08-01T05:35:28+03:00,2025-08-01,1754015728
bestchange,USDT_TRC20/RUB,86.9163,median,2025-08-01T05:35:28+03:00,2025-08-01,1754015728
ardshinbank,USD/RUB,83.76623376623377,value,2025-08-01T07:17:58.409000+03:00,2025-08-01,1754021878
ardshinbank,CNY/RUB,11.774891774891774,value,2025-08-01T07:17:58.409000+03:00,2025-08-01,1754021878
tinkoff,USD/RUB,85.7,value,2025-08-01T07:17:59.195000+03:00,2025-08-01,1754021879
tinkoff,CNY/RUB,11.875,value,2025-08-01T07:17:59.195000+03:00,2025-08-01,1754021879
cbr,USD/RUB,80.3163,value,2025-08-01T11:30:00+03:00,2025-08-01,1754037000
cbr,CNY/RUB,11.0928,value,2025-08-01T11:30:00+03:00,2025-08-01,1754037000
forex,USD/RUB,80.39,value,2025-08-01T03:00:02+03:00,2025-08-01,1754006402
forex,CNY/RUB,11.16,value,2025-08-01T03:00:02+03:00,2025-08-01,1754006402
rbc_cash,USD/RUB,82.0,min,2025-08-01T07:18:02+03:00,2025-08-01,1754021882
rbc_cash,USD/RUB,82.0,p05,2025-08-01T07:18:02+03:00,2025-08-01,1754021882
rbc_cash,USD/RUB,84.0,median,2025-08-01T07:18:02+03:00,2025-08-01,1754021882
rbc_cash,CNY/RUB,12.15,min,2025-08-01T07:18:02+03:00,2025-08-01,1754021882
rbc_cash,CNY/RUB,12.15,p05,2025-08-01T07:18:02+03:00,2025-08-01,1754021882
rbc_cash,CNY/RUB,12.15,median,2025-08-01T07:18:02+03:00,2025-08-01,1754021882
bestchange,USDT_TRC20/RUB,82.1339,min,2025-08-01T07:18:03+03:00,2025-08-01,1754021883
bestchange,USDT_TRC20/RUB,82.26736642,p05,2025-08-01T07:18:03+03:00,2025-08-01,1754021883
bestchange,USDT_TRC20/RUB,86.91766756,median,2025-08-01T07:18:03+03:00,2025-08-01,1754021883
ardshinbank,USD/RUB,83.76623376623377,value,2025-08-01T08:36:14.569000+03:00,2025-08-01,1754026574
ardshinbank,CNY/RUB,11.753246753246753,value,2025-08-01T08:36:14.569000+03:00,2025-08-01,1754026574
tinkoff,USD/RUB,85.9,value,2025-08-01T08:36:15.605000+03:00,2025-08-01,1754026575
tinkoff,CNY/RUB,11.875,value,2025-08-01T08:36:15.605000+03:00,2025-08-01,1754026575
cbr,USD/RUB,80.3163,value,2025-08-01T11:30:00+03:00,2025-08-01,1754037000
cbr,CNY/RUB,11.0928,value,2025-08-01T11:30:00+03:00,2025-08-01,1754037000
forex,USD/RUB,80.39,value,2025-08-01T03:00:02+03:00,2025-08-01,1754006402
forex,CNY/RUB,11.16,value,2025-08-01T03:00:02+03:00,2025-08-01,1754006402
rbc_cash,USD/RUB,81.3,min,2025-08-01T08:36:19+03:00,2025-08-01,1754026579
rbc_cash,USD/RUB,82.0,p05,2025-08-01T08:36:19+03:00,2025-08-01,1754026579
rbc_cash,USD/RUB,82.9,median,2025-08-01T08:36:19+03:00,2025-08-01,1754026579
rbc_cash,CNY/RUB,12.02,min,2025-08-01T08:36:19+03:00,2025-08-01,1754026579
rbc_cash,CNY/RUB,12.02,p05,2025-08-01T08:36:19+03:00,2025-08-01,1754026579
rbc_cash,CNY/RUB,12.02,median,2025-08-01T08:36:19+03:00,2025-08-01,1754026579
bestchange,USDT_TRC20/RUB,81.95530816,min,2025-08-01T08:36:19+03:00,2025-08-01,1754026579
bestchange,USDT_TRC20/RUB,82.20298305,p05,2025-08-01T08:36:19+03:00,2025-08-01,1754026579
bestchange,USDT_TRC20/RUB,86.9717,median,2025-08-01T08:36:19+03:00,2025-08-01,1754026579
ardshinbank,USD/RUB,83.76623376623377,value,2025-08-01T09:44:21.706000+03:00,2025-08-01,1754030661
ardshinbank,CNY/RUB,11.753246753246753,value,2025-08-01T09:44:21.706000+03:00,2025-08-01,1754030661
tinkoff,USD/RUB,85.95,value,2025-08-01T09:44:22.788000+03:00,2025-08-01,1754030662
tinkoff,CNY/RUB,11.875,value,2025-08-01T09:44:22.788000+03:00,2025-08-01,1754030662
cbr,USD/RUB,80.3163,value,2025-08-01T11:30:00+03:00,2025-08-01,1754037000
cbr,CNY/RUB,11.0928,value,2025-08-01T11:30:00+03:00,2025-08-01,1754037000
forex,USD/RUB,80.39,value,2025-08-01T03:00:02+03:00,2025-08-01,1754006402
forex,CNY/RUB,11.16,value,2025-08-01T03:00:02+03:00,2025-08-01,1754006402
rbc_cash,USD/RUB,80.8,min,2025-08-01T09:44:26+03:00,2025-08-01,1754030666
rbc_cash,USD/RUB,81.59,p05,2025-08-01T09:44:26+03:00,2025-08-01,1754030666
rbc_cash,USD/RUB,82.9,median,2025-08-01T09:44:26+03:00,2025-08-01,1754030666
rbc_cash,CNY/RUB,11.46,min,2025-08-01T09:44:26+03:00,2025-08-01,1754030666
rbc_cash,CNY/RUB,11.7,p05,2025-08-01T09:44:26+03:00,2025-08-01,1754030666
rbc_cash,CNY/RUB,11.94,median,2025-08-01T09:44:26+03:00,2025-08-01,1754030666
bestchange,USDT_TRC20/RUB,82.36639687,min,2025-08-01T09:44:26+03:00,2025-08-01,1754030666
bestchange,USDT_TRC20/RUB,82.45789175,p05,2025-08-01T09:44:26+03:00,2025-08-01,1754030666
bestchange,USDT_TRC20/RUB,86.55914152,median,2025-08-01T09:44:26+03:00,2025-08-01,1754030666
ardshinbank,USD/RUB,83.76623376623377,value,2025-08-01T10:32:53.190000+03:00,2025-08-01,1754033573
ardshinbank,CNY/RUB,11.753246753246753,value,2025-08-01T10:32:53.190000+03:00,2025-08-01,1754033573
tinkoff,USD/RUB,83.6,value,2025-08-01T10:32:54.010000+03:00,2025-08-01,1754033574
tinkoff,CNY/RUB,11.209,value,2025-08-01T10:32:54.010000+03:00,2025-08-01,1754033574
cbr,USD/RUB,80.3163,value,2025-08-01T11:30:00+03:00,2025-08-01,1754037000
cbr,CNY/RUB,11.0928,value,2025-08-01T11:30:00+03:00,2025-08-01,1754037000
forex,USD/RUB,80.39,value,2025-08-01T03:00:02+03:00,2025-08-01,1754006402
forex,CNY/RUB,11.16,value,2025-08-01T03:00:02+03:00,2025-08-01,1754006402
rbc_cash,USD/RUB,80.8,min,2025-08-01T10:32:57+03:00,2025-08-01,1754033577
rbc_cash,USD/RUB,81.3,p05,2025-08-01T10:32:57+03:00,2025-08-01,1754033577
rbc_cash,USD/RUB,83.0,median,2025-08-01T10:32:57+03:00,2025-08-01,1754033577
rbc_cash,CNY/RUB,11.46,min,2025-08-01T10:32:57+03:00,2025-08-01,1754033577
rbc_cash,CNY/RUB,11.5,p05,2025-08-01T10:32:57+03:00,2025-08-01,1754033577
rbc_cash,CNY/RUB,11.99,median,2025-08-01T10:32:57+03:00,2025-08-01,1754033577
bestchange,USDT_TRC20/RUB,82.37305616,min,2025-08-01T10:32:58+03:00,2025-08-01,1754033578
bestchange,USDT_TRC20/RUB,82.45789999,p05,2025-08-01T10:32:58+03:00,2025-08-01,1754033578
bestchange,USDT_TRC20/RUB,86.55442076,median,2025-08-01T10:32:58+03:00,2025-08-01,1754033578
ardshinbank,USD/RUB,83.76623376623377,value,2025-08-01T11:37:29.346000+03:00,2025-08-01,1754037449
ardshinbank,CNY/RUB,11.753246753246753,value,2025-08-01T11:37:29.346000+03:00,2025-08-01,1754037449
tinkoff,USD/RUB,83.6,value,2025-08-01T11:37:30.560000+03:00,2025-08-01,1754037450
tinkoff,CNY/RUB,11.199,value,2025-08-01T11:37:30.560000+03:00,2025-08-01,1754037450
cbr,USD/RUB,80.3163,value,2025-08-01T11:30:00+03:00,2025-08-01,1754037000
cbr,CNY/RUB,11.0928,value,2025-08-01T11:30:00+03:00,2025-08-01,1754037000
forex,USD/RUB,80.39,value,2025-08-01T03:00:02+03:00,2025-08-01,1754006402
forex,CNY/RUB,11.16,value,2025-08-01T03:00:02+03:00,2025-08-01,1754006402
rbc_cash,USD/RUB,80.8,min,2025-08-01T11:37:34+03:00,2025-08-01,1754037454
rbc_cash,USD/RUB,81.3,p05,2025-08-01T11:37:34+03:00,2025-08-01,1754037454
rbc_cash,USD/RUB,83.0,median,2025-08-01T11:37:34+03:00,2025-08-01,1754037454
rbc_cash,CNY/RUB,11.45,min,2025-08-01T11:37:34+03:00,2025-08-01,1754037454
rbc_cash,CNY/RUB,11.5,p05,2025-08-01T11:37:34+03:00,2025-08-01,1754037454
rbc_cash,CNY/RUB,11.9,median,2025-08-01T11:37:34+03:00,2025-08-01,1754037454
bestchange,USDT_TRC20/RUB,82.36439705,min,2025-08-01T11:37:35+03:00,2025-08-01,1754037455
bestchange,USDT_TRC20/RUB,82.53764,p05,2025-08-01T11:37:35+03:00,2025-08-01,1754037455
bestchange,USDT_TRC20/RUB,86.90045002,median,2025-08-01T11:37:35+03:00,2025-08-01,1754037455
ardshinbank,USD/RUB,83.76623376623377,value,2025-08-01T12:33:28.713000+03:00,2025-08-01,1754040808
ardshinbank,CNY/RUB,11.753246753246753,value,2025-08-01T12:33:28.713000+03:00,2025-08-01,1754040808
tinkoff,USD/RUB,83.6,value,2025-08-01T12:33:29.445000+03:00,2025-08-01,1754040809
tinkoff,CNY/RUB,11.195,value,2025-08-01T12:33:29.445000+03:00,2025-08-01,1754040809
cbr,USD/RUB,80.3163,value,2025-08-01T11:30:00+03:00,2025-08-01,1754037000
cbr,CNY/RUB,11.0928,value,2025-08-01T11:30:00+03:00,2025-08-01,1754037000
forex,USD/RUB,80.39,value,2025-08-01T03:00:02+03:00,2025-08-01,1754006402
forex,CNY/RUB,11.16,value,2025-08-01T03:00:02+03:00,2025-08-01,1754006402
rbc_cash,USD/RUB,80.8,min,2025-08-01T12:33:32+03:00,2025-08-01,1754040812
rbc_cash,USD/RUB,81.19,p05,2025-08-01T12:33:32+03:00,2025-08-01,1754040812
rbc_cash,USD/RUB,83.0,median,2025-08-01T12:33:32+03:00,2025-08-01,1754040812
rbc_cash,CNY/RUB,11.45,min,2025-08-01T12:33:32+03:00,2025-08-01,1754040812
rbc_cash,CNY/RUB,11.5,p05,2025-08-01T12:33:32+03:00,2025-08-01,1754040812
rbc_cash,CNY/RUB,11.9,median,2025-08-01T12:33:32+03:00,2025-08-01,1754040812
bestchange,USDT_TRC20/RUB,82.35572242,min,2025-08-01T12:33:33+03:00,2025-08-01,1754040813
bestchange,USDT_TRC20/RUB,82.48659,p05,2025-08-01T12:33:33+03:00,2025-08-01,1754040813
bestchange,USDT_TRC20/RUB,86.8438,median,2025-08-01T12:33:33+03:00,2025-08-01,1754040813
ardshinbank,USD/RUB,83.76623376623377,value,2025-08-01T13:31:09.676000+03:00,2025-08-01,1754044269
ardshinbank,CNY/RUB,11.753246753246753,value,2025-08-01T13:31:09.676000+03:00,2025-08-01,1754044269
tinkoff,USD/RUB,83.45,value,2025-08-01T13:31:10.350000+03:00,2025-08-01,1754044270
tinkoff,CNY/RUB,11.178,value,2025-08-01T13:31:10.350000+03:00,2025-08-01,1754044270
cbr,USD/RUB,80.3163,value,2025-08-01T11:30:00+03:00,2025-08-01,1754037000
cbr,CNY/RUB,11.0928,value,2025-08-01T11:30:00+03:00,2025-08-01,1754037000
forex,USD/RUB,80.39,value,2025-08-01T03:00:02+03:00,2025-08-01,1754006402
forex,CNY/RUB,11.16,value,2025-08-01T03:00:02+03:00,2025-08-01,1754006402
rbc_cash,USD/RUB,80.8,min,2025-08-01T13:31:12+03:00,2025-08-01,1754044272
rbc_cash,USD/RUB,81.1,p05,2025-08-01T13:31:12+03:00,2025-08-01,1754044272
rbc_cash,USD/RUB,82.9,median,2025-08-01T13:31:12+03:00,2025-08-01,1754044272
rbc_cash,CNY/RUB,11.4,min,2025-08-01T13:31:12+03:00,2025-08-01,1754044272
rbc_cash,CNY/RUB,11.5,p05,2025-08-01T13:31:12+03:00,2025-08-01,1754044272
rbc_cash,CNY/RUB,11.9,median,2025-08-01T13:31:12+03:00,2025-08-01,1754044272
bestchange,USDT_TRC20/RUB,82.69331826,min,2025-08-01T13:31:13+03:00,2025-08-01,1754044273
bestchange,USDT_TRC20/RUB,82.9198,p05,2025-08-01T13:31:13+03:00,2025-08-01,1754044273
bestchange,USDT_TRC20/RUB,86.83,median,2025-08-01T13:31:13+03:00,2025-08-01,1754044273
ardshinbank,USD/RUB,83.76623376623377,value,2025-08-01T14:24:11.845000+03:00,2025-08-01,1754047451
ardshinbank,CNY/RUB,11.753246753246753,value,2025-08-01T14:24:11.845000+03:00,2025-08-01,1754047451
tinkoff,USD/RUB,83.25,value,2025-08-01T14:24:12.651000+03:00,2025-08-01,1754047452
tinkoff,CNY/RUB,11.14,value,2025-08-01T14:24:12.651000+03:00,2025-08-01,1754047452
cbr,USD/RUB,80.3163,value,2025-08-01T11:30:00+03:00,2025-08-01,1754037000
cbr,CNY/RUB,11.0928,value,2025-08-01T11:30:00+03:00,2025-08-01,1754037000
forex,USD/RUB,80.39,value,2025-08-01T03:00:02+03:00,2025-08-01,1754006402
forex,CNY/RUB,11.16,value,2025-08-01T03:00:02+03:00,2025-08-01,1754006402
rbc_cash,USD/RUB,80.8,min,2025-08-01T14:24:15+03:00,2025-08-01,1754047455
rbc_cash,USD/RUB,81.1,p05,2025-08-01T14:24:15+03:00,2025-08-01,1754047455
rbc_cash,USD/RUB,82.94,median,2025-08-01T14:24:15+03:00,2025-08-01,1754047455
rbc_cash,CNY/RUB,11.4,min,2025-08-01T14:24:15+03:00,2025-08-01,1754047455
rbc_cash,CNY/RUB,11.5,p05,2025-08-01T14:24:15+03:00,2025-08-01,1754047455
rbc_cash,CNY/RUB,11.9,median,2025-08-01T14:24:15+03:00,2025-08-01,1754047455
bestchange,USDT_TRC20/RUB,82.73404694,min,2025-08-01T14:24:16+03:00,2025-08-01,1754047456
bestchange,USDT_TRC20/RUB,82.9199,p05,2025-08-01T14:24:16+03:00,2025-08-01,1754047456
bestchange,USDT_TRC20/RUB,86.46095,median,2025-08-01T14:24:16+03:00,2025-08-01,1754047456
ardshinbank,USD/RUB,83.76623376623377,value,2025-08-01T15:58:52.757000+03:00,2025-08-01,1754053132
ardshinbank,CNY/RUB,11.731601731601732,value,2025-08-01T15:58:52.757000+03:00,2025-08-01,1754053132
tinkoff,USD/RUB,83.25,value,2025-08-01T15:58:53.893000+03:00,2025-08-01,1754053133
tinkoff,CNY/RUB,11.18,value,2025-08-01T15:58:53.893000+03:00,2025-08-01,1754053133
cbr,USD/RUB,80.3163,value,2025-08-01T11:30:00+03:00,2025-08-01,1754037000
cbr,CNY/RUB,11.0928,value,2025-08-01T11:30:00+03:00,2025-08-01,1754037000
forex,USD/RUB,80.39,value,2025-08-01T03:00:02+03:00,2025-08-01,1754006402
forex,CNY/RUB,11.16,value,2025-08-01T03:00:02+03:00,2025-08-01,1754006402
rbc_cash,USD/RUB,80.8,min,2025-08-01T15:58:57+03:00,2025-08-01,1754053137
rbc_cash,USD/RUB,81.0,p05,2025-08-01T15:58:57+03:00,2025-08-01,1754053137
rbc_cash,USD/RUB,82.97,median,2025-08-01T15:58:57+03:00,2025-08-01,1754053137
rbc_cash,CNY/RUB,11.4,min,2025-08-01T15:58:57+03:00,2025-08-01,1754053137
rbc_cash,CNY/RUB,11.5,p05,2025-08-01T15:58:57+03:00,2025-08-01,1754053137
rbc_cash,CNY/RUB,11.9,median,2025-08-01T15:58:57+03:00,2025-08-01,1754053137
bestchange,USDT_TRC20/RUB,82.74990001,min,2025-08-01T15:58:58+03:00,2025-08-01,1754053138
bestchange,USDT_TRC20/RUB,83.04921833,p05,2025-08-01T15:58:58+03:00,2025-08-01,1754053138
bestchange,USDT_TRC20/RUB,86.4297,median,2025-08-01T15:58:58+03:00,2025-08-01,1754053138
ardshinbank,USD/RUB,83.76623376623377,value,2025-08-01T16:45:48.605000+03:00,2025-08-01,1754055948
ardshinbank,CNY/RUB,11.731601731601732,value,2025-08-01T16:45:48.605000+03:00,2025-08-01,1754055948
tinkoff,USD/RUB,83,value,2025-08-01T16:45:49.492000+03:00,2025-08-01,1754055949
tinkoff,CNY/RUB,11.149,value,2025-08-01T16:45:49.492000+03:00,2025-08-01,1754055949
cbr,USD/RUB,80.3163,value,2025-08-01T11:30:00+03:00,2025-08-01,1754037000
cbr,CNY/RUB,11.0928,value,2025-08-01T11:30:00+03:00,2025-08-01,1754037000
forex,USD/RUB,80.39,value,2025-08-01T03:00:02+03:00,2025-08-01,1754006402
forex,CNY/RUB,11.16,value,2025-08-01T03:00:02+03:00,2025-08-01,1754006402
rbc_cash,USD/RUB,80.8,min,2025-08-01T16:45:52+03:00,2025-08-01,1754055952
rbc_cash,USD/RUB,81.0,p05,2025-08-01T16:45:52+03:00,2025-08-01,1754055952
rbc_cash,USD/RUB,82.95,median,2025-08-01T16:45:52+03:00,2025-08-01,1754055952
rbc_cash,CNY/RUB,11.4,min,2025-08-01T16:45:52+03:00,2025-08-01,1754055952
rbc_cash,CNY/RUB,11.5,p05,2025-08-01T16:45:52+03:00,2025-08-01,1754055952
rbc_cash,CNY/RUB,11.9,median,2025-08-01T16:45:52+03:00,2025-08-01,1754055952
bestchange,USDT_TRC20/RUB,82.95785026,min,2025-08-01T16:45:53+03:00,2025-08-01,1754055953
bestchange,USDT_TRC20/RUB,83.07,p05,2025-08-01T16:45:53+03:00,2025-08-01,1754055953
bestchange,USDT_TRC20/RUB,86.43155,median,2025-08-01T16:45:53+03:00,2025-08-01,1754055953
ardshinbank,USD/RUB,83.76623376623377,value,2025-08-01T17:28:48.307000+03:00,2025-08-01,1754058528
ardshinbank,CNY/RUB,11.731601731601732,value,2025-08-01T17:28:48.307000+03:00,2025-08-01,1754058528
tinkoff,USD/RUB,82.9,value,2025-08-01T17:28:49.134000+03:00,2025-08-01,1754058529
tinkoff,CNY/RUB,11.147,value,2025-08-01T17:28:49.134000+03:00,2025-08-01,1754058529
cbr,USD/RUB,80.3163,value,2025-08-01T11:30:00+03:00,2025-08-01,1754037000
cbr,CNY/RUB,11.0928,value,2025-08-01T11:30:00+03:00,2025-08-01,1754037000
forex,USD/RUB,80.39,value,2025-08-01T03:00:02+03:00,2025-08-01,1754006402
forex,CNY/RUB,11.16,value,2025-08-01T03:00:02+03:00,2025-08-01,1754006402
rbc_cash,USD/RUB,80.8,min,2025-08-01T17:28:53+03:00,2025-08-01,1754058533
rbc_cash,USD/RUB,81.0,p05,2025-08-01T17:28:53+03:00,2025-08-01,1754058533
rbc_cash,USD/RUB,82.8,median,2025-08-01T17:28:53+03:00,2025-08-01,1754058533
rbc_cash,CNY/RUB,11.4,min,2025-08-01T17:28:53+03:00,2025-08-01,1754058533
rbc_cash,CNY/RUB,11.5,p05,2025-08-01T17:28:53+03:00,2025-08-01,1754058533
rbc_cash,CNY/RUB,11.9,median,2025-08-01T17:28:53+03:00,2025-08-01,1754058533
bestchange,USDT_TRC20/RUB,82.94280881,min,2025-08-01T17:28:54+03:00,2025-08-01,1754058534
bestchange,USDT_TRC20/RUB,83.02499972,p05,2025-08-01T17:28:54+03:00,2025-08-01,1754058534
bestchange,USDT_TRC20/RUB,86.58670000000001,median,2025-08-01T17:28:54+03:00,2025-08-01,1754058534
ardshinbank,USD/RUB,83.76623376623377,value,2025-08-01T18:30:27.827000+03:00,2025-08-01,1754062227
ardshinbank,CNY/RUB,11.731601731601732,value,2025-08-01T18:30:27.827000+03:00,2025-08-01,1754062227
tinkoff,USD/RUB,82.95,value,2025-08-01T18:30:28.746000+03:00,2025-08-01,1754062228
tinkoff,CNY/RUB,11.145,value,2025-08-01T18:30:28.746000+03:00,2025-08-01,1754062228
cbr,USD/RUB,80.3289,value,2025-08-02T11:30:00+03:00,2025-08-02,1754123400
cbr,CNY/RUB,11.0899,value,2025-08-02T11:30:00+03:00,2025-08-02,1754123400
forex,USD/RUB,80.39,value,2025-08-01T03:00:02+03:00,2025-08-01,1754006402
forex,CNY/RUB,11.16,value,2025-08-01T03:00:02+03:00,2025-08-01,1754006402
rbc_cash,USD/RUB,80.8,min,2025-08-01T18:30:32+03:00,2025-08-01,1754062232
rbc_cash,USD/RUB,81.1,p05,2025-08-01T18:30:32+03:00,2025-08-01,1754062232
rbc_cash,USD/RUB,82.9,median,2025-08-01T18:30:32+03:00,2025-08-01,1754062232
rbc_cash,CNY/RUB,11.46,min,2025-08-01T18:30:32+03:00,2025-08-01,1754062232
rbc_cash,CNY/RUB,11.5,p05,2025-08-01T18:30:32+03:00,2025-08-01,1754062232
rbc_cash,CNY/RUB,11.9,median,2025-08-01T18:30:32+03:00,2025-08-01,1754062232
bestchange,USDT_TRC20/RUB,82.85987516,min,2025-08-01T18:30:33+03:00,2025-08-01,1754062233
bestchange,USDT_TRC20/RUB,83.02499971,p05,2025-08-01T18:30:33+03:00,2025-08-01,1754062233
bestchange,USDT_TRC20/RUB,86.5987,median,2025-08-01T18:30:33+03:00,2025-08-01,1754062233
ardshinbank,USD/RUB,83.76623376623377,value,2025-08-01T19:36:06.533000+03:00,2025-08-01,1754066166
ardshinbank,CNY/RUB,11.731601731601732,value,2025-08-01T19:36:06.533000+03:00,2025-08-01,1754066166
tinkoff,USD/RUB,85.35,value,2025-08-01T19:36:07.651000+03:00,2025-08-01,1754066167
tinkoff,CNY/RUB,11.838,value,2025-08-01T19:36:07.651000+03:00,2025-08-01,1754066167
cbr,USD/RUB,80.3289,value,2025-08-02T11:30:00+03:00,2025-08-02,1754123400
cbr,CNY/RUB,11.0899,value,2025-08-02T11:30:00+03:00,2025-08-02,1754123400
forex,USD/RUB,80.39,value,2025-08-01T03:00:02+03:00,2025-08-01,1754006402
forex,CNY/RUB,11.16,value,2025-08-01T03:00:02+03:00,2025-08-01,1754006402
rbc_cash,USD/RUB,81.0,min,2025-08-01T19:36:11+03:00,2025-08-01,1754066171
rbc_cash,USD/RUB,81.4,p05,2025-08-01T19:36:11+03:00,2025-08-01,1754066171
rbc_cash,USD/RUB,83.1,median,2025-08-01T19:36:11+03:00,2025-08-01,1754066171
rbc_cash,CNY/RUB,11.46,min,2025-08-01T19:36:11+03:00,2025-08-01,1754066171
rbc_cash,CNY/RUB,11.5,p05,2025-08-01T19:36:11+03:00,2025-08-01,1754066171
rbc_cash,CNY/RUB,11.850000000000001,median,2025-08-01T19:36:11+03:00,2025-08-01,1754066171
bestchange,USDT_TRC20/RUB,82.81149896,min,2025-08-01T19:36:12+03:00,2025-08-01,1754066172
bestchange,USDT_TRC20/RUB,82.97009467,p05,2025-08-01T19:36:12+03:00,2025-08-01,1754066172
bestchange,USDT_TRC20/RUB,86.9365,median,2025-08-01T19:36:12+03:00,2025-08-01,1754066172
ardshinbank,USD/RUB,83.76623376623377,value,2025-08-01T20:27:40.616000+03:00,2025-08-01,1754069260
ardshinbank,CNY/RUB,11.731601731601732,value,2025-08-01T20:27:40.616000+03:00,2025-08-01,1754069260
tinkoff,USD/RUB,85.35,value,2025-08-01T20:27:41.650000+03:00,2025-08-01,1754069261
tinkoff,CNY/RUB,11.838,value,2025-08-01T20:27:41.650000+03:00,2025-08-01,1754069261
cbr,USD/RUB,80.3289,value,2025-08-02T11:30:00+03:00,2025-08-02,1754123400
cbr,CNY/RUB,11.0899,value,2025-08-02T11:30:00+03:00,2025-08-02,1754123400
forex,USD/RUB,80.39,value,2025-08-01T03:00:02+03:00,2025-08-01,1754006402
forex,CNY/RUB,11.16,value,2025-08-01T03:00:02+03:00,2025-08-01,1754006402
rbc_cash,USD/RUB,81.0,min,2025-08-01T20:27:45+03:00,2025-08-01,1754069265
rbc_cash,USD/RUB,81.4,p05,2025-08-01T20:27:45+03:00,2025-08-01,1754069265
rbc_cash,USD/RUB,83.0,median,2025-08-01T20:27:45+03:00,2025-08-01,1754069265
rbc_cash,CNY/RUB,11.46,min,2025-08-01T20:27:45+03:00,2025-08-01,1754069265
rbc_cash,CNY/RUB,11.5,p05,2025-08-01T20:27:45+03:00,2025-08-01,1754069265
rbc_cash,CNY/RUB,11.7,median,2025-08-01T20:27:45+03:00,2025-08-01,1754069265
bestchange,USDT_TRC20/RUB,82.6234,min,2025-08-01T20:27:46+03:00,2025-08-01,1754069266
bestchange,USDT_TRC20/RUB,82.95889137,p05,2025-08-01T20:27:46+03:00,2025-08-01,1754069266
bestchange,USDT_TRC20/RUB,86.8599,median,2025-08-01T20:27:46+03:00,2025-08-01,1754069266
ardshinbank,USD/RUB,83.76623376623377,value,2025-08-01T21:40:13.736000+03:00,2025-08-01,1754073613
ardshinbank,CNY/RUB,11.731601731601732,value,2025-08-01T21:40:13.736000+03:00,2025-08-01,1754073613
tinkoff,USD/RUB,85.35,value,2025-08-01T21:40:15.068000+03:00,2025-08-01,1754073615
tinkoff,CNY/RUB,11.838,value,2025-08-01T21:40:15.068000+03:00,2025-08-01,1754073615
cbr,USD/RUB,80.3289,value,2025-08-02T11:30:00+03:00,2025-08-02,1754123400
cbr,CNY/RUB,11.0899,value,2025-08-02T11:30:00+03:00,2025-08-02,1754123400
forex,USD/RUB,80.39,value,2025-08-01T03:00:02+03:00,2025-08-01,1754006402
forex,CNY/RUB,11.16,value,2025-08-01T03:00:02+03:00,2025-08-01,1754006402
rbc_cash,USD/RUB,81.0,min,2025-08-01T21:40:18+03:00,2025-08-01,1754073618
rbc_cash,USD/RUB,81.6,p05,2025-08-01T21:40:18+03:00,2025-08-01,1754073618
rbc_cash,USD/RUB,83.35,median,2025-08-01T21:40:18+03:00,2025-08-01,1754073618
rbc_cash,CNY/RUB,11.46,min,2025-08-01T21:40:18+03:00,2025-08-01,1754073618
rbc_cash,CNY/RUB,11.5,p05,2025-08-01T21:40:18+03:00,2025-08-01,1754073618
rbc_cash,CNY/RUB,11.7,median,2025-08-01T21:40:18+03:00,2025-08-01,1754073618
bestchange,USDT_TRC20/RUB,82.6211,min,2025-08-01T21:40:19+03:00,2025-08-01,1754073619
bestchange,USDT_TRC20/RUB,82.95506989,p05,2025-08-01T21:40:19+03:00,2025-08-01,1754073619
bestchange,USDT_TRC20/RUB,87.06585000000001,median,2025-08-01T21:40:19+03:00,2025-08-01,1754073619
ardshinbank,USD/RUB,83.76623376623377,value,2025-08-01T22:22:56.869000+03:00,2025-08-01,1754076176
ardshinbank,CNY/RUB,11.731601731601732,value,2025-08-01T22:22:56.869000+03:00,2025-08-01,1754076176
tinkoff,USD/RUB,85.35,value,2025-08-01T22:22:57.895000+03:00,2025-08-01,1754076177
tinkoff,CNY/RUB,11.838,value,2025-08-01T22:22:57.895000+03:00,2025-08-01,1754076177
cbr,USD/RUB,80.3289,value,2025-08-02T11:30:00+03:00,2025-08-02,1754123400
cbr,CNY/RUB,11.0899,value,2025-08-02T11:30:00+03:00,2025-08-02,1754123400
forex,USD/RUB,80.39,value,2025-08-01T03:00:02+03:00,2025-08-01,1754006402
forex,CNY/RUB,11.16,value,2025-08-01T03:00:02+03:00,2025-08-01,1754006402
rbc_cash,USD/RUB,81.0,min,2025-08-01T22:23:00+03:00,2025-08-01,1754076180
rbc_cash,USD/RUB,81.0,p05,2025-08-01T22:23:00+03:00,2025-08-01,1754076180
rbc_cash,USD/RUB,83.25,median,2025-08-01T22:23:00+03:00,2025-08-01,1754076180
rbc_cash,CNY/RUB,11.9,min,2025-08-01T22:23:00+03:00,2025-08-01,1754076180
rbc_cash,CNY/RUB,11.9,p05,2025-08-01T22:23:00+03:00,2025-08-01,1754076180
rbc_cash,CNY/RUB,12.1,median,2025-08-01T22:23:00+03:00,2025-08-01,1754076180
bestchange,USDT_TRC20/RUB,82.54779998,min,2025-08-01T22:23:01+03:00,2025-08-01,1754076181
bestchange,USDT_TRC20/RUB,82.94155887,p05,2025-08-01T22:23:01+03:00,2025-08-01,1754076181
bestchange,USDT_TRC20/RUB,86.8498,median,2025-08-01T22:23:01+03:00,2025-08-01,1754076181
ardshinbank,USD/RUB,83.76623376623377,value,2025-08-01T23:30:13.287000+03:00,2025-08-01,1754080213
ardshinbank,CNY/RUB,11.731601731601732,value,2025-08-01T23:30:13.287000+03:00,2025-08-01,1754080213
tinkoff,USD/RUB,85.35,value,2025-08-01T23:30:13.943000+03:00,2025-08-01,1754080213
tinkoff,CNY/RUB,11.838,value,2025-08-01T23:30:13.943000+03:00,2025-08-01,1754080213
cbr,USD/RUB,80.3289,value,2025-08-02T11:30:00+03:00,2025-08-02,1754123400
cbr,CNY/RUB,11.0899,value,2025-08-02T11:30:00+03:00,2025-08-02,1754123400
forex,USD/RUB,80.39,value,2025-08-01T03:00:02+03:00,2025-08-01,1754006402
forex,CNY/RUB,11.16,value,2025-08-01T03:00:02+03:00,2025-08-01,1754006402
rbc_cash,USD/RUB,81.0,min,2025-08-01T23:30:17+03:00,2025-08-01,1754080217
rbc_cash,USD/RUB,81.0,p05,2025-08-01T23:30:17+03:00,2025-08-01,1754080217
rbc_cash,USD/RUB,83.0,median,2025-08-01T23:30:17+03:00,2025-08-01,1754080217
rbc_cash,CNY/RUB,11.9,min,2025-08-01T23:30:17+03:00,2025-08-01,1754080217
rbc_cash,CNY/RUB,11.9,p05,2025-08-01T23:30:17+03:00,2025-08-01,1754080217
rbc_cash,CNY/RUB,12.1,median,2025-08-01T23:30:17+03:00,2025-08-01,1754080217
bestchange,USDT_TRC20/RUB,82.49849176,min,2025-08-01T23:30:17+03:00,2025-08-01,1754080217
bestchange,USDT_TRC20/RUB,82.81,p05,2025-08-01T23:30:17+03:00,2025-08-01,1754080217
bestchange,USDT_TRC20/RUB,87.0815,median,2025-08-01T23:30:17+03:00,2025-08-01,1754080217
ardshinbank,USD/RUB,83.76623376623377,value,2025-08-02T00:26:28.420000+03:00,2025-08-02,1754083588
ardshinbank,CNY/RUB,11.731601731601732,value,2025-08-02T00:26:28.420000+03:00,2025-08-02,1754083588
tinkoff,USD/RUB,85.35,value,2025-08-02T00:26:29.195000+03:00,2025-08-02,1754083589
tinkoff,CNY/RUB,11.838,value,2025-08-02T00:26:29.195000+03:00,2025-08-02,1754083589
cbr,USD/RUB,80.3289,value,2025-08-02T11:30:00+03:00,2025-08-02,1754123400
cbr,CNY/RUB,11.0899,value,2025-08-02T11:30:00+03:00,2025-08-02,1754123400
forex,USD/RUB,80.39,value,2025-08-01T03:00:02+03:00,2025-08-01,1754006402
forex,CNY/RUB,11.16,value,2025-08-01T03:00:02+03:00,2025-08-01,1754006402
rbc_cash,USD/RUB,81.0,min,2025-08-02T00:26:31+03:00,2025-08-02,1754083591
rbc_cash,USD/RUB,81.0,p05,2025-08-02T00:26:31+03:00,2025-08-02,1754083591
rbc_cash,USD/RUB,83.0,median,2025-08-02T00:26:31+03:00,2025-08-02,1754083591
rbc_cash,CNY/RUB,12.1,min,2025-08-02T00:26:31+03:00,2025-08-02,1754083591
rbc_cash,CNY/RUB,12.1,p05,2025-08-02T00:26:31+03:00,2025-08-02,1754083591
rbc_cash,CNY/RUB,12.1,median,2025-08-02T00:26:31+03:00,2025-08-02,1754083591
bestchange,USDT_TRC20/RUB,82.6365,min,2025-08-02T00:26:32+03:00,2025-08-02,1754083592
bestchange,USDT_TRC20/RUB,82.9893,p05,2025-08-02T00:26:32+03:00,2025-08-02,1754083592
bestchange,USDT_TRC20/RUB,87.0837,median,2025-08-02T00:26:32+03:00,2025-08-02,1754083592
ardshinbank,USD/RUB,83.76623376623377,value,2025-08-02T01:26:58.565000+03:00,2025-08-02,1754087218
ardshinbank,CNY/RUB,11.731601731601732,value,2025-08-02T01:26:58.565000+03:00,2025-08-02,1754087218
tinkoff,USD/RUB,85.35,value,2025-08-02T01:26:59.303000+03:00,2025-08-02,1754087219
tinkoff,CNY/RUB,11.838,value,2025-08-02T01:26:59.303000+03:00,2025-08-02,1754087219
cbr,USD/RUB,80.3289,value,2025-08-02T11:30:00+03:00,2025-08-02,1754123400
cbr,CNY/RUB,11.0899,value,2025-08-02T11:30:00+03:00,2025-08-02,1754123400
forex,USD/RUB,80.39,value,2025-08-01T03:00:02+03:00,2025-08-01,1754006402
forex,CNY/RUB,11.16,value,2025-08-01T03:00:02+03:00,2025-08-01,1754006402
rbc_cash,USD/RUB,81.0,min,2025-08-02T01:27:03+03:00,2025-08-02,1754087223
rbc_cash,USD/RUB,81.0,p05,2025-08-02T01:27:03+03:00,2025-08-02,1754087223
rbc_cash,USD/RUB,83.0,median,2025-08-02T01:27:03+03:00,2025-08-02,1754087223
rbc_cash,CNY/RUB,12.1,min,2025-08-02T01:27:03+03:00,2025-08-02,1754087223
rbc_cash,CNY/RUB,12.1,p05,2025-08-02T01:27:03+03:00,2025-08-02,1754087223
rbc_cash,CNY/RUB,12.1,median,2025-08-02T01:27:03+03:00,2025-08-02,1754087223
bestchange,USDT_TRC20/RUB,82.6312,min,2025-08-02T01:27:04+03:00,2025-08-02,1754087224
bestchange,USDT_TRC20/RUB,83.15621118,p05,2025-08-02T01:27:04+03:00,2025-08-02,1754087224
bestchange,USDT_TRC20/RUB,86.8213,median,2025-08-02T01:27:04+03:00,2025-08-02,1754087224
ardshinbank,USD/RUB,83.76623376623377,value,2025-08-02T02:27:05.057000+03:00,2025-08-02,1754090825
ardshinbank,CNY/RUB,11.731601731601732,value,2025-08-02T02:27:05.057000+03:00,2025-08-02,1754090825
tinkoff,USD/RUB,85.35,value,2025-08-02T02:27:06.223000+03:00,2025-08-02,1754090826
tinkoff,CNY/RUB,11.838,value,2025-08-02T02:27:06.223000+03:00,2025-08-02,1754090826
cbr,USD/RUB,80.3289,value,2025-08-02T11:30:00+03:00,2025-08-02,1754123400
cbr,CNY/RUB,11.0899,value,2025-08-02T11:30:00+03:00,2025-08-02,1754123400
forex,USD/RUB,80.39,value,2025-08-01T03:00:02+03:00,2025-08-01,1754006402
forex,CNY/RUB,11.16,value,2025-08-01T03:00:02+03:00,2025-08-01,1754006402
rbc_cash,USD/RUB,81.0,min,2025-08-02T02:27:09+03:00,2025-08-02,1754090829
rbc_cash,USD/RUB,81.0,p05,2025-08-02T02:27:09+03:00,2025-08-02,1754090829
rbc_cash,USD/RUB,83.0,median,2025-08-02T02:27:09+03:00,2025-08-02,1754090829
rbc_cash,CNY/RUB,12.1,min,2025-08-02T02:27:09+03:00,2025-08-02,1754090829
rbc_cash,CNY/RUB,12.1,p05,2025-08-02T02:27:09+03:00,2025-08-02,1754090829
rbc_cash,CNY/RUB,12.1,median,2025-08-02T02:27:09+03:00,2025-08-02,1754090829
bestchange,USDT_TRC20/RUB,82.6222,min,2025-08-02T02:27:10+03:00,2025-08-02,1754090830
bestchange,USDT_TRC20/RUB,83.37140444,p05,2025-08-02T02:27:10+03:00,2025-08-02,1754090830
bestchange,USDT_TRC20/RUB,87.0791,median,2025-08-02T02:27:10+03:00,2025-08-02,1754090830
ardshinbank,USD/RUB,83.76623376623377,value,2025-08-02T05:18:06.308000+03:00,2025-08-02,1754101086
ardshinbank,CNY/RUB,11.731601731601732,value,2025-08-02T05:18:06.308000+03:00,2025-08-02,1754101086
tinkoff,USD/RUB,85.35,value,2025-08-02T05:18:07.439000+03:00,2025-08-02,1754101087
tinkoff,CNY/RUB,11.838,value,2025-08-02T05:18:07.439000+03:00,2025-08-02,1754101087
cbr,USD/RUB,80.3289,value,2025-08-02T11:30:00+03:00,2025-08-02,1754123400
cbr,CNY/RUB,11.0899,value,2025-08-02T11:30:00+03:00,2025-08-02,1754123400
forex,USD/RUB,80.19,value,2025-08-02T03:00:01+03:00,2025-08-02,1754092801
forex,CNY/RUB,11.12,value,2025-08-02T03:00:01+03:00,2025-08-02,1754092801
rbc_cash,USD/RUB,81.0,min,2025-08-02T05:18:11+03:00,2025-08-02,1754101091
rbc_cash,USD/RUB,81.0,p05,2025-08-02T05:18:11+03:00,2025-08-02,1754101091
rbc_cash,USD/RUB,83.0,median,2025-08-02T05:18:11+03:00,2025-08-02,1754101091
rbc_cash,CNY/RUB,12.1,min,2025-08-02T05:18:11+03:00,2025-08-02,1754101091
rbc_cash,CNY/RUB,12.1,p05,2025-08-02T05:18:11+03:00,2025-08-02,1754101091
rbc_cash,CNY/RUB,12.1,median,2025-08-02T05:18:11+03:00,2025-08-02,1754101091
bestchange,USDT_TRC20/RUB,82.99012539,min,2025-08-02T05:18:12+03:00,2025-08-02,1754101092
bestchange,USDT_TRC20/RUB,83.34999167,p05,2025-08-02T05:18:12+03:00,2025-08-02,1754101092
bestchange,USDT_TRC20/RUB,86.796,median,2025-08-02T05:18:12+03:00,2025-08-02,1754101092
ardshinbank,USD/RUB,83.76623376623377,value,2025-08-02T06:58:50.751000+03:00,2025-08-02,1754107130
ardshinbank,CNY/RUB,11.731601731601732,value,2025-08-02T06:58:50.751000+03:00,2025-08-02,1754107130
tinkoff,USD/RUB,85.35,value,2025-08-02T06:58:51.535000+03:00,2025-08-02,1754107131
tinkoff,CNY/RUB,11.838,value,2025-08-02T06:58:51.535000+03:00,2025-08-02,1754107131
cbr,USD/RUB,80.3289,value,2025-08-02T11:30:00+03:00,2025-08-02,1754123400
cbr,CNY/RUB,11.0899,value,2025-08-02T11:30:00+03:00,2025-08-02,1754123400
forex,USD/RUB,80.19,value,2025-08-02T03:00:01+03:00,2025-08-02,1754092801
forex,CNY/RUB,11.12,value,2025-08-02T03:00:01+03:00,2025-08-02,1754092801
rbc_cash,USD/RUB,81.0,min,2025-08-02T06:58:54+03:00,2025-08-02,1754107134
rbc_cash,USD/RUB,81.0,p05,2025-08-02T06:58:54+03:00,2025-08-02,1754107134
rbc_cash,USD/RUB,83.0,median,2025-08-02T06:58:54+03:00,2025-08-02,1754107134
rbc_cash,CNY/RUB,12.1,min,2025-08-02T06:58:54+03:00,2025-08-02,1754107134
rbc_cash,CNY/RUB,12.1,p05,2025-08-02T06:58:54+03:00,2025-08-02,1754107134
rbc_cash,CNY/RUB,12.1,median,2025-08-02T06:58:54+03:00,2025-08-02,1754107134
bestchange,USDT_TRC20/RUB,82.57817523,min,2025-08-02T06:58:55+03:00,2025-08-02,1754107135
bestchange,USDT_TRC20/RUB,83.37167076,p05,2025-08-02T06:58:55+03:00,2025-08-02,1754107135
bestchange,USDT_TRC20/RUB,86.8698,median,2025-08-02T06:58:55+03:00,2025-08-02,1754107135
ardshinbank,USD/RUB,83.76623376623377,value,2025-08-02T07:43:46.797000+03:00,2025-08-02,1754109826
ardshinbank,CNY/RUB,11.731601731601732,value,2025-08-02T07:43:46.797000+03:00,2025-08-02,1754109826
tinkoff,USD/RUB,85.35,value,2025-08-02T07:43:47.544000+03:00,2025-08-02,1754109827
tinkoff,CNY/RUB,11.838,value,2025-08-02T07:43:47.544000+03:00,2025-08-02,1754109827
cbr,USD/RUB,80.3289,value,2025-08-02T11:30:00+03:00,2025-08-02,1754123400
cbr,CNY/RUB,11.0899,value,2025-08-02T11:30:00+03:00,2025-08-02,1754123400
forex,USD/RUB,80.19,value,2025-08-02T03:00:01+03:00,2025-08-02,1754092801
forex,CNY/RUB,11.12,value,2025-08-02T03:00:01+03:00,2025-08-02,1754092801
rbc_cash,USD/RUB,81.0,min,2025-08-02T07:43:50+03:00,2025-08-02,1754109830
rbc_cash,USD/RUB,81.0,p05,2025-08-02T07:43:50+03:00,2025-08-02,1754109830
rbc_cash,USD/RUB,83.0,median,2025-08-02T07:43:50+03:00,2025-08-02,1754109830
rbc_cash,CNY/RUB,12.1,min,2025-08-02T07:43:50+03:00,2025-08-02,1754109830
rbc_cash,CNY/RUB,12.1,p05,2025-08-02T07:43:50+03:00,2025-08-02,1754109830
rbc_cash,CNY/RUB,12.1,median,2025-08-02T07:43:50+03:00,2025-08-02,1754109830
bestchange,USDT_TRC20/RUB,82.57389998,min,2025-08-02T07:43:51+03:00,2025-08-02,1754109831
bestchange,USDT_TRC20/RUB,83.35044155,p05,2025-08-02T07:43:51+03:00,2025-08-02,1754109831
bestchange,USDT_TRC20/RUB,87.091,median,2025-08-02T07:43:51+03:00,2025-08-02,1754109831
ardshinbank,USD/RUB,83.76623376623377,value,2025-08-02T08:29:44.403000+03:00,2025-08-02,1754112584
ardshinbank,CNY/RUB,11.731601731601732,value,2025-08-02T08:29:44.403000+03:00,2025-08-02,1754112584
tinkoff,USD/RUB,85.35,value,2025-08-02T08:29:45.187000+03:00,2025-08-02,1754112585
tinkoff,CNY/RUB,11.838,value,2025-08-02T08:29:45.187000+03:00,2025-08-02,1754112585
cbr,USD/RUB,80.3289,value,2025-08-02T11:30:00+03:00,2025-08-02,1754123400
cbr,CNY/RUB,11.0899,value,2025-08-02T11:30:00+03:00,2025-08-02,1754123400
forex,USD/RUB,80.19,value,2025-08-02T03:00:01+03:00,2025-08-02,1754092801
forex,CNY/RUB,11.12,value,2025-08-02T03:00:01+03:00,2025-08-02,1754092801
rbc_cash,USD/RUB,81.0,min,2025-08-02T08:29:48+03:00,2025-08-02,1754112588
rbc_cash,USD/RUB,81.0,p05,2025-08-02T08:29:48+03:00,2025-08-02,1754112588
rbc_cash,USD/RUB,83.0,median,2025-08-02T08:29:48+03:00,2025-08-02,1754112588
rbc_cash,CNY/RUB,12.1,min,2025-08-02T08:29:48+03:00,2025-08-02,1754112588
rbc_cash,CNY/RUB,12.1,p05,2025-08-02T08:29:48+03:00,2025-08-02,1754112588
rbc_cash,CNY/RUB,12.1,median,2025-08-02T08:29:48+03:00,2025-08-02,1754112588
bestchange,USDT_TRC20/RUB,82.98319253,min,2025-08-02T08:29:49+03:00,2025-08-02,1754112589
bestchange,USDT_TRC20/RUB,83.34075676,p05,2025-08-02T08:29:49+03:00,2025-08-02,1754112589
bestchange,USDT_TRC20/RUB,87.08848047,median,2025-08-02T08:29:49+03:00,2025-08-02,1754112589
ardshinbank,USD/RUB,83.76623376623377,value,2025-08-02T09:37:37.699000+03:00,2025-08-02,1754116657
ardshinbank,CNY/RUB,11.731601731601732,value,2025-08-02T09:37:37.699000+03:00,2025-08-02,1754116657
tinkoff,USD/RUB,85.35,value,2025-08-02T09:37:38.505000+03:00,2025-08-02,1754116658
tinkoff,CNY/RUB,11.838,value,2025-08-02T09:37:38.505000+03:00,2025-08-02,1754116658
cbr,USD/RUB,80.3289,value,2025-08-02T11:30:00+03:00,2025-08-02,1754123400
cbr,CNY/RUB,11.0899,value,2025-08-02T11:30:00+03:00,2025-08-02,1754123400
forex,USD/RUB,80.19,value,2025-08-02T03:00:01+03:00,2025-08-02,1754092801
forex,CNY/RUB,11.12,value,2025-08-02T03:00:01+03:00,2025-08-02,1754092801
rbc_cash,USD/RUB,81.2,min,2025-08-02T09:37:41+03:00,2025-08-02,1754116661
rbc_cash,USD/RUB,81.4,p05,2025-08-02T09:37:41+03:00,2025-08-02,1754116661
rbc_cash,USD/RUB,81.6,median,2025-08-02T09:37:41+03:00,2025-08-02,1754116661
rbc_cash,CNY/RUB,11.49,min,2025-08-02T09:37:41+03:00,2025-08-02,1754116661
rbc_cash,CNY/RUB,11.7,p05,2025-08-02T09:37:41+03:00,2025-08-02,1754116661
rbc_cash,CNY/RUB,11.7,median,2025-08-02T09:37:41+03:00,2025-08-02,1754116661
bestchange,USDT_TRC20/RUB,82.7911935,min,2025-08-02T09:37:41+03:00,2025-08-02,1754116661
bestchange,USDT_TRC20/RUB,83.31432403,p05,2025-08-02T09:37:41+03:00,2025-08-02,1754116661
bestchange,USDT_TRC20/RUB,87.0729,median,2025-08-02T09:37:41+03:00,2025-08-02,1754116661
ardshinbank,USD/RUB,83.76623376623377,value,2025-08-02T10:25:08.889000+03:00,2025-08-02,1754119508
ardshinbank,CNY/RUB,11.731601731601732,value,2025-08-02T10:25:08.889000+03:00,2025-08-02,1754119508
tinkoff,USD/RUB,85.35,value,2025-08-02T10:25:10.055000+03:00,2025-08-02,1754119510
tinkoff,CNY/RUB,11.838,value,2025-08-02T10:25:10.055000+03:00,2025-08-02,1754119510
cbr,USD/RUB,80.3289,value,2025-08-02T11:30:00+03:00,2025-08-02,1754123400
cbr,CNY/RUB,11.0899,value,2025-08-02T11:30:00+03:00,2025-08-02,1754123400
forex,USD/RUB,80.19,value,2025-08-02T03:00:01+03:00,2025-08-02,1754092801
forex,CNY/RUB,11.12,value,2025-08-02T03:00:01+03:00,2025-08-02,1754092801
rbc_cash,USD/RUB,81.2,min,2025-08-02T10:25:13+03:00,2025-08-02,1754119513
rbc_cash,USD/RUB,81.2,p05,2025-08-02T10:25:13+03:00,2025-08-02,1754119513
rbc_cash,USD/RUB,82.5,median,2025-08-02T10:25:13+03:00,2025-08-02,1754119513
rbc_cash,CNY/RUB,11.49,min,2025-08-02T10:25:13+03:00,2025-08-02,1754119513
rbc_cash,CNY/RUB,11.5,p05,2025-08-02T10:25:13+03:00,2025-08-02,1754119513
rbc_cash,CNY/RUB,11.9,median,2025-08-02T10:25:13+03:00,2025-08-02,1754119513
bestchange,USDT_TRC20/RUB,82.7761973,min,2025-08-02T10:25:14+03:00,2025-08-02,1754119514
bestchange,USDT_TRC20/RUB,83.23677895,p05,2025-08-02T10:25:14+03:00,2025-08-02,1754119514
bestchange,USDT_TRC20/RUB,86.737,median,2025-08-02T10:25:14+03:00,2025-08-02,1754119514
ardshinbank,USD/RUB,83.76623376623377,value,2025-08-02T11:33:14.210000+03:00,2025-08-02,1754123594
ardshinbank,CNY/RUB,11.731601731601732,value,2025-08-02T11:33:14.210000+03:00,2025-08-02,1754123594
tinkoff,USD/RUB,85.35,value,2025-08-02T11:33:15.068000+03:00,2025-08-02,1754123595
tinkoff,CNY/RUB,11.838,value,2025-08-02T11:33:15.068000+03:00,2025-08-02,1754123595
cbr,USD/RUB,80.3289,value,2025-08-02T11:30:00+03:00,2025-08-02,1754123400
cbr,CNY/RUB,11.0899,value,2025-08-02T11:30:00+03:00,2025-08-02,1754123400
forex,USD/RUB,80.19,value,2025-08-02T03:00:01+03:00,2025-08-02,1754092801
forex,CNY/RUB,11.12,value,2025-08-02T03:00:01+03:00,2025-08-02,1754092801
rbc_cash,USD/RUB,81.18,min,2025-08-02T11:33:19+03:00,2025-08-02,1754123599
rbc_cash,USD/RUB,81.2,p05,2025-08-02T11:33:19+03:00,2025-08-02,1754123599
rbc_cash,USD/RUB,83.0,median,2025-08-02T11:33:19+03:00,2025-08-02,1754123599
rbc_cash,CNY/RUB,11.49,min,2025-08-02T11:33:19+03:00,2025-08-02,1754123599
rbc_cash,CNY/RUB,11.5,p05,2025-08-02T11:33:19+03:00,2025-08-02,1754123599
rbc_cash,CNY/RUB,11.9,median,2025-08-02T11:33:19+03:00,2025-08-02,1754123599
bestchange,USDT_TRC20/RUB,82.75804169,min,2025-08-02T11:33:20+03:00,2025-08-02,1754123600
bestchange,USDT_TRC20/RUB,83.32,p05,2025-08-02T11:33:20+03:00,2025-08-02,1754123600
bestchange,USDT_TRC20/RUB,86.9415,median,2025-08-02T11:33:20+03:00,2025-08-02,1754123600
ardshinbank,USD/RUB,83.76623376623377,value,2025-08-02T12:29:12.542000+03:00,2025-08-02,1754126952
ardshinbank,CNY/RUB,11.731601731601732,value,2025-08-02T12:29:12.542000+03:00,2025-08-02,1754126952
tinkoff,USD/RUB,85.35,value,2025-08-02T12:29:13.347000+03:00,2025-08-02,1754126953
tinkoff,CNY/RUB,11.838,value,2025-08-02T12:29:13.347000+03:00,2025-08-02,1754126953
cbr,USD/RUB,80.3289,value,2025-08-02T11:30:00+03:00,2025-08-02,1754123400
cbr,CNY/RUB,11.0899,value,2025-08-02T11:30:00+03:00,2025-08-02,1754123400
forex,USD/RUB,80.19,value,2025-08-02T03:00:01+03:00,2025-08-02,1754092801
forex,CNY/RUB,11.12,value,2025-08-02T03:00:01+03:00,2025-08-02,1754092801
rbc_cash,USD/RUB,80.99,min,2025-08-02T12:29:16+03:00,2025-08-02,1754126956
rbc_cash,USD/RUB,81.15,p05,2025-08-02T12:29:16+03:00,2025-08-02,1754126956
rbc_cash,USD/RUB,82.9,median,2025-08-02T12:29:16+03:00,2025-08-02,1754126956
rbc_cash,CNY/RUB,11.49,min,2025-08-02T12:29:16+03:00,2025-08-02,1754126956
rbc_cash,CNY/RUB,11.5,p05,2025-08-02T12:29:16+03:00,2025-08-02,1754126956
rbc_cash,CNY/RUB,11.9,median,2025-08-02T12:29:16+03:00,2025-08-02,1754126956
bestchange,USDT_TRC20/RUB,82.9994,min,2025-08-02T12:29:16+03:00,2025-08-02,1754126956
bestchange,USDT_TRC20/RUB,83.0249999,p05,2025-08-02T12:29:16+03:00,2025-08-02,1754126956
bestchange,USDT_TRC20/RUB,86.93270000000001,median,2025-08-02T12:29:16+03:00,2025-08-02,1754126956
ardshinbank,USD/RUB,83.76623376623377,value,2025-08-02T13:27:53.946000+03:00,2025-08-02,1754130473
ardshinbank,CNY/RUB,11.731601731601732,value,2025-08-02T13:27:53.946000+03:00,2025-08-02,1754130473
tinkoff,USD/RUB,85.35,value,2025-08-02T13:27:55.005000+03:00,2025-08-02,1754130475
tinkoff,CNY/RUB,11.838,value,2025-08-02T13:27:55.005000+03:00,2025-08-02,1754130475
cbr,USD/RUB,80.3289,value,2025-08-02T11:30:00+03:00,2025-08-02,1754123400
cbr,CNY/RUB,11.0899,value,2025-08-02T11:30:00+03:00,2025-08-02,1754123400
forex,USD/RUB,80.19,value,2025-08-02T03:00:01+03:00,2025-08-02,1754092801
forex,CNY/RUB,11.12,value,2025-08-02T03:00:01+03:00,2025-08-02,1754092801
rbc_cash,USD/RUB,80.89,min,2025-08-02T13:27:58+03:00,2025-08-02,1754130478
rbc_cash,USD/RUB,81.15,p05,2025-08-02T13:27:58+03:00,2025-08-02,1754130478
rbc_cash,USD/RUB,82.9,median,2025-08-02T13:27:58+03:00,2025-08-02,1754130478
rbc_cash,CNY/RUB,11.49,min,2025-08-02T13:27:58+03:00,2025-08-02,1754130478
rbc_cash,CNY/RUB,11.5,p05,2025-08-02T13:27:58+03:00,2025-08-02,1754130478
rbc_cash,CNY/RUB,11.9,median,2025-08-02T13:27:58+03:00,2025-08-02,1754130478
bestchange,USDT_TRC20/RUB,82.6199,min,2025-08-02T13:27:59+03:00,2025-08-02,1754130479
bestchange,USDT_TRC20/RUB,82.98979949,p05,2025-08-02T13:27:59+03:00,2025-08-02,1754130479
bestchange,USDT_TRC20/RUB,87.079033615,median,2025-08-02T13:27:59+03:00,2025-08-02,1754130479
ardshinbank,USD/RUB,83.76623376623377,value,2025-08-02T14:22:35.575000+03:00,2025-08-02,1754133755
ardshinbank,CNY/RUB,11.731601731601732,value,2025-08-02T14:22:35.575000+03:00,2025-08-02,1754133755
tinkoff,USD/RUB,85.35,value,2025-08-02T14:22:36.627000+03:00,2025-08-02,1754133756
tinkoff,CNY/RUB,11.838,value,2025-08-02T14:22:36.627000+03:00,2025-08-02,1754133756
cbr,USD/RUB,80.3289,value,2025-08-02T11:30:00+03:00,2025-08-02,1754123400
cbr,CNY/RUB,11.0899,value,2025-08-02T11:30:00+03:00,2025-08-02,1754123400
forex,USD/RUB,80.19,value,2025-08-02T03:00:01+03:00,2025-08-02,1754092801
forex,CNY/RUB,11.12,value,2025-08-02T03:00:01+03:00,2025-08-02,1754092801
rbc_cash,USD/RUB,80.89,min,2025-08-02T14:22:40+03:00,2025-08-02,1754133760
rbc_cash,USD/RUB,81.15,p05,2025-08-02T14:22:40+03:00,2025-08-02,1754133760
rbc_cash,USD/RUB,82.85,median,2025-08-02T14:22:40+03:00,2025-08-02,1754133760
rbc_cash,CNY/RUB,11.49,min,2025-08-02T14:22:40+03:00,2025-08-02,1754133760
rbc_cash,CNY/RUB,11.5,p05,2025-08-02T14:22:40+03:00,2025-08-02,1754133760
rbc_cash,CNY/RUB,11.9,median,2025-08-02T14:22:40+03:00,2025-08-02,1754133760
bestchange,USDT_TRC20/RUB,82.6199,min,2025-08-02T14:22:41+03:00,2025-08-02,1754133761
bestchange,USDT_TRC20/RUB,82.98989132,p05,2025-08-02T14:22:41+03:00,2025-08-02,1754133761
bestchange,USDT_TRC20/RUB,86.98672497,median,2025-08-02T14:22:41+03:00,2025-08-02,1754133761
ardshinbank,USD/RUB,83.76623376623377,value,2025-08-02T15:53:32.175000+03:00,2025-08-02,1754139212
ardshinbank,CNY/RUB,11.731601731601732,value,2025-08-02T15:53:32.175000+03:00,2025-08-02,1754139212
tinkoff,USD/RUB,85.35,value,2025-08-02T15:53:33.216000+03:00,2025-08-02,1754139213
tinkoff,CNY/RUB,11.838,value,2025-08-02T15:53:33.216000+03:00,2025-08-02,1754139213
cbr,USD/RUB,80.3289,value,2025-08-02T11:30:00+03:00,2025-08-02,1754123400
cbr,CNY/RUB,11.0899,value,2025-08-02T11:30:00+03:00,2025-08-02,1754123400
forex,USD/RUB,80.19,value,2025-08-02T03:00:01+03:00,2025-08-02,1754092801
forex,CNY/RUB,11.12,value,2025-08-02T03:00:01+03:00,2025-08-02,1754092801
rbc_cash,USD/RUB,80.99,min,2025-08-02T15:53:36+03:00,2025-08-02,1754139216
rbc_cash,USD/RUB,81.15,p05,2025-08-02T15:53:36+03:00,2025-08-02,1754139216
rbc_cash,USD/RUB,83.0,median,2025-08-02T15:53:36+03:00,2025-08-02,1754139216
rbc_cash,CNY/RUB,11.49,min,2025-08-02T15:53:36+03:00,2025-08-02,1754139216
rbc_cash,CNY/RUB,11.5,p05,2025-08-02T15:53:36+03:00,2025-08-02,1754139216
rbc_cash,CNY/RUB,11.9,median,2025-08-02T15:53:36+03:00,2025-08-02,1754139216
bestchange,USDT_TRC20/RUB,82.77053369,min,2025-08-02T15:53:36+03:00,2025-08-02,1754139216
bestchange,USDT_TRC20/RUB,82.98541226,p05,2025-08-02T15:53:36+03:00,2025-08-02,1754139216
bestchange,USDT_TRC20/RUB,87.030113755,median,2025-08-02T15:53:36+03:00,2025-08-02,1754139216
ardshinbank,USD/RUB,83.76623376623377,value,2025-08-02T16:35:21.485000+03:00,2025-08-02,1754141721
ardshinbank,CNY/RUB,11.731601731601732,value,2025-08-02T16:35:21.485000+03:00,2025-08-02,1754141721
tinkoff,USD/RUB,85.35,value,2025-08-02T16:35:22.359000+03:00,2025-08-02,1754141722
tinkoff,CNY/RUB,11.838,value,2025-08-02T16:35:22.359000+03:00,2025-08-02,1754141722
cbr,USD/RUB,80.3289,value,2025-08-02T11:30:00+03:00,2025-08-02,1754123400
cbr,CNY/RUB,11.0899,value,2025-08-02T11:30:00+03:00,2025-08-02,1754123400
forex,USD/RUB,80.19,value,2025-08-02T03:00:01+03:00,2025-08-02,1754092801
forex,CNY/RUB,11.12,value,2025-08-02T03:00:01+03:00,2025-08-02,1754092801
rbc_cash,USD/RUB,81.0,min,2025-08-02T16:35:26+03:00,2025-08-02,1754141726
rbc_cash,USD/RUB,81.15,p05,2025-08-02T16:35:26+03:00,2025-08-02,1754141726
rbc_cash,USD/RUB,82.9,median,2025-08-02T16:35:26+03:00,2025-08-02,1754141726
rbc_cash,CNY/RUB,11.49,min,2025-08-02T16:35:26+03:00,2025-08-02,1754141726
rbc_cash,CNY/RUB,11.5,p05,2025-08-02T16:35:26+03:00,2025-08-02,1754141726
rbc_cash,CNY/RUB,11.9,median,2025-08-02T16:35:26+03:00,2025-08-02,1754141726
bestchange,USDT_TRC20/RUB,82.5954,min,2025-08-02T16:35:26+03:00,2025-08-02,1754141726
bestchange,USDT_TRC20/RUB,82.98984829,p05,2025-08-02T16:35:26+03:00,2025-08-02,1754141726
bestchange,USDT_TRC20/RUB,86.98425,median,2025-08-02T16:35:26+03:00,2025-08-02,1754141726
ardshinbank,USD/RUB,83.76623376623377,value,2025-08-02T17:25:26.006000+03:00,2025-08-02,1754144726
ardshinbank,CNY/RUB,11.731601731601732,value,2025-08-02T17:25:26.006000+03:00,2025-08-02,1754144726
tinkoff,USD/RUB,85.35,value,2025-08-02T17:25:27.450000+03:00,2025-08-02,1754144727
tinkoff,CNY/RUB,11.838,value,2025-08-02T17:25:27.450000+03:00,2025-08-02,1754144727
cbr,USD/RUB,80.3289,value,2025-08-02T11:30:00+03:00,2025-08-02,1754123400
cbr,CNY/RUB,11.0899,value,2025-08-02T11:30:00+03:00,2025-08-02,1754123400
forex,USD/RUB,80.19,value,2025-08-02T03:00:01+03:00,2025-08-02,1754092801
forex,CNY/RUB,11.12,value,2025-08-02T03:00:01+03:00,2025-08-02,1754092801
rbc_cash,USD/RUB,81.0,min,2025-08-02T17:25:30+03:00,2025-08-02,1754144730
rbc_cash,USD/RUB,81.15,p05,2025-08-02T17:25:30+03:00,2025-08-02,1754144730
rbc_cash,USD/RUB,82.6,median,2025-08-02T17:25:30+03:00,2025-08-02,1754144730
rbc_cash,CNY/RUB,11.49,min,2025-08-02T17:25:30+03:00,2025-08-02,1754144730
rbc_cash,CNY/RUB,11.5,p05,2025-08-02T17:25:30+03:00,2025-08-02,1754144730
rbc_cash,CNY/RUB,11.82,median,2025-08-02T17:25:30+03:00,2025-08-02,1754144730
bestchange,USDT_TRC20/RUB,82.4455,min,2025-08-02T17:25:31+03:00,2025-08-02,1754144731
bestchange,USDT_TRC20/RUB,82.9663,p05,2025-08-02T17:25:31+03:00,2025-08-02,1754144731
bestchange,USDT_TRC20/RUB,87.06,median,2025-08-02T17:25:31+03:00,2025-08-02,1754144731
ardshinbank,USD/RUB,83.76623376623377,value,2025-08-02T18:27:03.239000+03:00,2025-08-02,1754148423
ardshinbank,CNY/RUB,11.731601731601732,value,2025-08-02T18:27:03.239000+03:00,2025-08-02,1754148423
tinkoff,USD/RUB,85.35,value,2025-08-02T18:27:04.252000+03:00,2025-08-02,1754148424
tinkoff,CNY/RUB,11.838,value,2025-08-02T18:27:04.252000+03:00,2025-08-02,1754148424
cbr,USD/RUB,80.3289,value,2025-08-02T11:30:00+03:00,2025-08-02,1754123400
cbr,CNY/RUB,11.0899,value,2025-08-02T11:30:00+03:00,2025-08-02,1754123400
forex,USD/RUB,80.19,value,2025-08-02T03:00:01+03:00,2025-08-02,1754092801
forex,CNY/RUB,11.12,value,2025-08-02T03:00:01+03:00,2025-08-02,1754092801
rbc_cash,USD/RUB,81.15,min,2025-08-02T18:27:06+03:00,2025-08-02,1754148426
rbc_cash,USD/RUB,81.15,p05,2025-08-02T18:27:06+03:00,2025-08-02,1754148426
rbc_cash,USD/RUB,82.8,median,2025-08-02T18:27:06+03:00,2025-08-02,1754148426
rbc_cash,CNY/RUB,11.49,min,2025-08-02T18:27:06+03:00,2025-08-02,1754148426
rbc_cash,CNY/RUB,11.5,p05,2025-08-02T18:27:06+03:00,2025-08-02,1754148426
rbc_cash,CNY/RUB,11.8,median,2025-08-02T18:27:06+03:00,2025-08-02,1754148426
bestchange,USDT_TRC20/RUB,82.447,min,2025-08-02T18:27:07+03:00,2025-08-02,1754148427
bestchange,USDT_TRC20/RUB,82.9659,p05,2025-08-02T18:27:07+03:00,2025-08-02,1754148427
bestchange,USDT_TRC20/RUB,86.9999998,median,2025-08-02T18:27:07+03:00,2025-08-02,1754148427
ardshinbank,USD/RUB,83.76623376623377,value,2025-08-02T19:32:18.579000+03:00,2025-08-02,1754152338
ardshinbank,CNY/RUB,11.731601731601732,value,2025-08-02T19:32:18.579000+03:00,2025-08-02,1754152338
tinkoff,USD/RUB,85.35,value,2025-08-02T19:32:19.627000+03:00,2025-08-02,1754152339
tinkoff,CNY/RUB,11.838,value,2025-08-02T19:32:19.627000+03:00,2025-08-02,1754152339
cbr,USD/RUB,80.3289,value,2025-08-02T11:30:00+03:00,2025-08-02,1754123400
cbr,CNY/RUB,11.0899,value,2025-08-02T11:30:00+03:00,2025-08-02,1754123400
forex,USD/RUB,80.19,value,2025-08-02T03:00:01+03:00,2025-08-02,1754092801
forex,CNY/RUB,11.12,value,2025-08-02T03:00:01+03:00,2025-08-02,1754092801
rbc_cash,USD/RUB,81.2,min,2025-08-02T19:32:22+03:00,2025-08-02,1754152342
rbc_cash,USD/RUB,81.6,p05,2025-08-02T19:32:22+03:00,2025-08-02,1754152342
rbc_cash,USD/RUB,83.55,median,2025-08-02T19:32:22+03:00,2025-08-02,1754152342
rbc_cash,CNY/RUB,11.49,min,2025-08-02T19:32:22+03:00,2025-08-02,1754152342
rbc_cash,CNY/RUB,11.5,p05,2025-08-02T19:32:22+03:00,2025-08-02,1754152342
rbc_cash,CNY/RUB,11.77,median,2025-08-02T19:32:22+03:00,2025-08-02,1754152342
bestchange,USDT_TRC20/RUB,82.6119,min,2025-08-02T19:32:23+03:00,2025-08-02,1754152343
bestchange,USDT_TRC20/RUB,82.90079973,p05,2025-08-02T19:32:23+03:00,2025-08-02,1754152343
bestchange,USDT_TRC20/RUB,87.1192,median,2025-08-02T19:32:23+03:00,2025-08-02,1754152343
ardshinbank,USD/RUB,83.76623376623377,value,2025-08-02T20:24:37.935000+03:00,2025-08-02,1754155477
ardshinbank,CNY/RUB,11.731601731601732,value,2025-08-02T20:24:37.935000+03:00,2025-08-02,1754155477
tinkoff,USD/RUB,85.35,value,2025-08-02T20:24:38.824000+03:00,2025-08-02,1754155478
tinkoff,CNY/RUB,11.838,value,2025-08-02T20:24:38.824000+03:00,2025-08-02,1754155478
cbr,USD/RUB,80.3289,value,2025-08-02T11:30:00+03:00,2025-08-02,1754123400
cbr,CNY/RUB,11.0899,value,2025-08-02T11:30:00+03:00,2025-08-02,1754123400
forex,USD/RUB,80.19,value,2025-08-02T03:00:01+03:00,2025-08-02,1754092801
forex,CNY/RUB,11.12,value,2025-08-02T03:00:01+03:00,2025-08-02,1754092801
rbc_cash,USD/RUB,81.2,min,2025-08-02T20:24:42+03:00,2025-08-02,1754155482
rbc_cash,USD/RUB,81.6,p05,2025-08-02T20:24:42+03:00,2025-08-02,1754155482
rbc_cash,USD/RUB,83.5,median,2025-08-02T20:24:42+03:00,2025-08-02,1754155482
rbc_cash,CNY/RUB,11.49,min,2025-08-02T20:24:42+03:00,2025-08-02,1754155482
rbc_cash,CNY/RUB,11.5,p05,2025-08-02T20:24:42+03:00,2025-08-02,1754155482
rbc_cash,CNY/RUB,11.77,median,2025-08-02T20:24:42+03:00,2025-08-02,1754155482
bestchange,USDT_TRC20/RUB,82.89999273,min,2025-08-02T20:24:42+03:00,2025-08-02,1754155482
bestchange,USDT_TRC20/RUB,83.0676,p05,2025-08-02T20:24:42+03:00,2025-08-02,1754155482
bestchange,USDT_TRC20/RUB,87.14009999999999,median,2025-08-02T20:24:42+03:00,2025-08-02,1754155482
ardshinbank,USD/RUB,83.76623376623377,value,2025-08-02T21:37:20.623000+03:00,2025-08-02,1754159840
ardshinbank,CNY/RUB,11.731601731601732,value,2025-08-02T21:37:20.623000+03:00,2025-08-02,1754159840
tinkoff,USD/RUB,85.35,value,2025-08-02T21:37:21.259000+03:00,2025-08-02,1754159841
tinkoff,CNY/RUB,11.838,value,2025-08-02T21:37:21.259000+03:00,2025-08-02,1754159841
cbr,USD/RUB,80.3289,value,2025-08-02T11:30:00+03:00,2025-08-02,1754123400
cbr,CNY/RUB,11.0899,value,2025-08-02T11:30:00+03:00,2025-08-02,1754123400
forex,USD/RUB,80.19,value,2025-08-02T03:00:01+03:00,2025-08-02,1754092801
forex,CNY/RUB,11.12,value,2025-08-02T03:00:01+03:00,2025-08-02,1754092801
rbc_cash,USD/RUB,81.5,min,2025-08-02T21:37:24+03:00,2025-08-02,1754159844
rbc_cash,USD/RUB,81.6,p05,2025-08-02T21:37:24+03:00,2025-08-02,1754159844
rbc_cash,USD/RUB,83.5,median,2025-08-02T21:37:24+03:00,2025-08-02,1754159844
rbc_cash,CNY/RUB,11.49,min,2025-08-02T21:37:24+03:00,2025-08-02,1754159844
rbc_cash,CNY/RUB,11.5,p05,2025-08-02T21:37:24+03:00,2025-08-02,1754159844
rbc_cash,CNY/RUB,11.77,median,2025-08-02T21:37:24+03:00,2025-08-02,1754159844
bestchange,USDT_TRC20/RUB,82.7729,min,2025-08-02T21:37:25+03:00,2025-08-02,1754159845
bestchange,USDT_TRC20/RUB,82.97582894,p05,2025-08-02T21:37:25+03:00,2025-08-02,1754159845
bestchange,USDT_TRC20/RUB,86.766,median,2025-08-02T21:37:25+03:00,2025-08-02,1754159845
ardshinbank,USD/RUB,83.76623376623377,value,2025-08-02T22:20:31.832000+03:00,2025-08-02,1754162431
ardshinbank,CNY/RUB,11.731601731601732,value,2025-08-02T22:20:31.832000+03:00,2025-08-02,1754162431
tinkoff,USD/RUB,85.35,value,2025-08-02T22:20:32.819000+03:00,2025-08-02,1754162432
tinkoff,CNY/RUB,11.838,value,2025-08-02T22:20:32.819000+03:00,2025-08-02,1754162432
cbr,USD/RUB,80.3289,value,2025-08-02T11:30:00+03:00,2025-08-02,1754123400
cbr,CNY/RUB,11.0899,value,2025-08-02T11:30:00+03:00,2025-08-02,1754123400
forex,USD/RUB,80.19,value,2025-08-02T03:00:01+03:00,2025-08-02,1754092801
forex,CNY/RUB,11.12,value,2025-08-02T03:00:01+03:00,2025-08-02,1754092801
rbc_cash,USD/RUB,81.5,min,2025-08-02T22:20:36+03:00,2025-08-02,1754162436
rbc_cash,USD/RUB,81.5,p05,2025-08-02T22:20:36+03:00,2025-08-02,1754162436
rbc_cash,USD/RUB,81.7,median,2025-08-02T22:20:36+03:00,2025-08-02,1754162436
rbc_cash,CNY/RUB,11.9,min,2025-08-02T22:20:36+03:00,2025-08-02,1754162436
rbc_cash,CNY/RUB,11.9,p05,2025-08-02T22:20:36+03:00,2025-08-02,1754162436
rbc_cash,CNY/RUB,12.1,median,2025-08-02T22:20:36+03:00,2025-08-02,1754162436
bestchange,USDT_TRC20/RUB,82.8379298,min,2025-08-02T22:20:37+03:00,2025-08-02,1754162437
bestchange,USDT_TRC20/RUB,83.16059169,p05,2025-08-02T22:20:37+03:00,2025-08-02,1754162437
bestchange,USDT_TRC20/RUB,86.771,median,2025-08-02T22:20:37+03:00,2025-08-02,1754162437
ardshinbank,USD/RUB,83.76623376623377,value,2025-08-02T23:28:32.133000+03:00,2025-08-02,1754166512
ardshinbank,CNY/RUB,11.731601731601732,value,2025-08-02T23:28:32.133000+03:00,2025-08-02,1754166512
tinkoff,USD/RUB,85.35,value,2025-08-02T23:28:33.112000+03:00,2025-08-02,1754166513
tinkoff,CNY/RUB,11.838,value,2025-08-02T23:28:33.112000+03:00,2025-08-02,1754166513
cbr,USD/RUB,80.3289,value,2025-08-02T11:30:00+03:00,2025-08-02,1754123400
cbr,CNY/RUB,11.0899,value,2025-08-02T11:30:00+03:00,2025-08-02,1754123400
forex,USD/RUB,80.19,value,2025-08-02T03:00:01+03:00,2025-08-02,1754092801
forex,CNY/RUB,11.12,value,2025-08-02T03:00:01+03:00,2025-08-02,1754092801
rbc_cash,USD/RUB,81.5,min,2025-08-02T23:28:37+03:00,2025-08-02,1754166517
rbc_cash,USD/RUB,81.5,p05,2025-08-02T23:28:37+03:00,2025-08-02,1754166517
rbc_cash,USD/RUB,81.7,median,2025-08-02T23:28:37+03:00,2025-08-02,1754166517
rbc_cash,CNY/RUB,11.9,min,2025-08-02T23:28:37+03:00,2025-08-02,1754166517
rbc_cash,CNY/RUB,11.9,p05,2025-08-02T23:28:37+03:00,2025-08-02,1754166517
rbc_cash,CNY/RUB,12.1,median,2025-08-02T23:28:37+03:00,2025-08-02,1754166517
bestchange,USDT_TRC20/RUB,82.81029979,min,2025-08-02T23:28:37+03:00,2025-08-02,1754166517
bestchange,USDT_TRC20/RUB,82.81079897,p05,2025-08-02T23:28:37+03:00,2025-08-02,1754166517
bestchange,USDT_TRC20/RUB,86.9999998,median,2025-08-02T23:28:37+03:00,2025-08-02,1754166517
ardshinbank,USD/RUB,83.76623376623377,value,2025-08-03T00:24:48.787000+03:00,2025-08-03,1754169888
ardshinbank,CNY/RUB,11.731601731601732,value,2025-08-03T00:24:48.787000+03:00,2025-08-03,1754169888
tinkoff,USD/RUB,85.35,value,2025-08-03T00:24:49.693000+03:00,2025-08-03,1754169889
tinkoff,CNY/RUB,11.838,value,2025-08-03T00:24:49.693000+03:00,2025-08-03,1754169889
cbr,USD/RUB,80.3289,value,2025-08-02T11:30:00+03:00,2025-08-02,1754123400
cbr,CNY/RUB,11.0899,value,2025-08-02T11:30:00+03:00,2025-08-02,1754123400
forex,USD/RUB,80.19,value,2025-08-02T03:00:01+03:00,2025-08-02,1754092801
forex,CNY/RUB,11.12,value,2025-08-02T03:00:01+03:00,2025-08-02,1754092801
rbc_cash,USD/RUB,81.5,min,2025-08-03T00:24:52+03:00,2025-08-03,1754169892
rbc_cash,USD/RUB,81.5,p05,2025-08-03T00:24:52+03:00,2025-08-03,1754169892
rbc_cash,USD/RUB,81.7,median,2025-08-03T00:24:52+03:00,2025-08-03,1754169892
rbc_cash,CNY/RUB,12.1,min,2025-08-03T00:24:52+03:00,2025-08-03,1754169892
rbc_cash,CNY/RUB,12.1,p05,2025-08-03T00:24:52+03:00,2025-08-03,1754169892
rbc_cash,CNY/RUB,12.1,median,2025-08-03T00:24:52+03:00,2025-08-03,1754169892
bestchange,USDT_TRC20/RUB,82.538,min,2025-08-03T00:24:53+03:00,2025-08-03,1754169893
bestchange,USDT_TRC20/RUB,82.8103,p05,2025-08-03T00:24:53+03:00,2025-08-03,1754169893
bestchange,USDT_TRC20/RUB,86.9291,median,2025-08-03T00:24:53+03:00,2025-08-03,1754169893
